index,bit,flip,title
0,Statistical learning traditionally assumes perfect observation of both X and Y variables in the training sample.,"Statistical learning can be achieved even when the Y-part of the sample is communicated at a finite bit rate, with the encoding of Y-values depending on X-values.",Learning from compressed observations
1,"The conventional belief is that the design of sensor network topology does not consider the probabilities of reliable communication among sensors, link failures, and communication cost constraints.","The innovative approach is to design the sensor network topology as a constrained convex optimization problem, considering random link failures and communication cost constraints, to maximize the rate of convergence of average consensus. This approach uses semidefinite programming techniques and can significantly improve the convergence speed of the consensus algorithm at a fraction of the communication cost.","Sensor Networks with Random Links: Topology Design for Distributed
  Consensus"
2,"The conventional belief is that in the online shortest path problem, the decision maker can only learn the weights of the edges that belong to the chosen path, limiting their ability to make optimal decisions in future rounds.","The innovative approach is an algorithm that allows the decision maker to exceed the average cumulative loss of the best path, even with limited information. This is achieved by using a quantity proportional to 1/âˆšn and depending only polynomially on the number of edges of the graph. The algorithm can be implemented with linear complexity in the number of rounds and edges, and can be extended to label efficient settings and settings where the decision maker competes against a time-varying path.",The on-line shortest path problem under partial monitoring
3,Traditional neural networks are not suitable for learning ordinal categories.,"A modified neural network approach, NNRank, can effectively learn ordinal categories, outperforming other neural network classification methods and achieving comparable performance with other ordinal regression methods.",A neural network approach to ordinal regression
4,"Monte Carlo Optimization, Parametric machine-Learning, and blackbox optimization are distinct, unrelated techniques, and the relationship between the sample point locations and the associated values of the integrand in Monte Carlo and Monte Carlo Optimization procedures is not considered.","Monte Carlo Optimization is mathematically identical to a broad class of Parametric machine-Learning problems, and blackbox optimization can be transformed into a Monte Carlo Optimization problem. This allows Parametric machine-Learning techniques to be applied to both. Additionally, the sample location information in Monte Carlo and Monte Carlo Optimization procedures can be exploited using Parametric machine-Learning techniques.",Parametric Learning and Monte Carlo Optimization
5,The initial version of a research paper is the final and most accurate representation of the author's work.,An author can withdraw their initial paper due to quality issues and direct readers to a revised version for a more accurate representation of their work.,Preconditioned Temporal Difference Learning
6,"The correlation clustering problem, specifically the S-MaxAgree and S-MinDisagree versions, are generally considered to have different hardness classes depending on the set of weights used.","Regardless of the set of weights used, S-MaxAgree and S-MinDisagree essentially belong to the same hardness class. If one can be approximated within a certain factor in polynomial time, so can the other, improving upon previous approximation factors.",A Note on the Inapproximability of Correlation Clustering
7,Joint universal source coding and modeling is only applicable to fixed-rate lossy coding of finitely parametrized continuous-alphabet i.i.d. sources.,"Joint universal source coding and modeling can be extended to variable-rate lossy block coding of stationary ergodic sources, given certain conditions.","Joint universal lossy coding and identification of stationary mixing
  sources"
8,Feature selection for supervised learning problems is typically handled separately for different types of problems such as classification and regression.,"A unified framework can be introduced for feature selection across various supervised learning problems, using the Hilbert-Schmidt Independence Criterion (HSIC) to measure the dependence between features and labels.",Supervised Feature Selection via Dependence Estimation
9,"Max-product belief propagation lacks theoretical guarantees of convergence and correctness for general loopy graphs, and the connection between max-product performance and LP relaxation is not well-defined.","The performance of max-product can be precisely characterized based on the tightness of LP relaxation. If the LP relaxation is tight, max-product always converges to the correct answer, and if it is loose, max-product does not converge. This establishes a clear connection between max-product performance and LP relaxation.","Equivalence of LP Relaxation and Max-Product for Weighted Matching in
  General Graphs"
10,Speaker identification accuracy deteriorates when noise levels affect a specific band of frequency.,"Processing and classifying each frequency sub-band independently, and using linear merging techniques, can significantly improve the performance of speaker identification, even in live testing scenarios.","HMM Speaker Identification Using Linear and Non-linear Merging
  Techniques"
11,The conventional belief is that linear models and learning rules like Hebbian learning and perceptron learning behave similarly in terms of generalization performance.,"The research flips this assumption by demonstrating that nonlinear models show different behaviors from linear models, and Hebbian learning and perceptron learning also show qualitatively different behaviors from each other in terms of generalization error.","Statistical Mechanics of Nonlinear On-line Learning for Ensemble
  Teachers"
12,The conventional belief is that the problem of minimal correction of the training set to make it consistent with monotonic constraints is too complex to solve due to its NP-hard nature.,"The innovative approach is to reduce the problem to maximization of a quadratic convex function on a convex set, and solve it using an approximate polynomial algorithm based on convex optimization.",On the monotonization of the training set
13,"Analyzing relational data, such as social and protein interaction networks, with probabilistic models is delicate due to the failure of simple exchangeability assumptions in many standard models.","A latent variable model, the mixed membership stochastic blockmodel, can extend blockmodels for relational data to capture mixed membership latent relational structure, providing an object-specific low-dimensional representation and allowing for more effective analysis of relational data.",Mixed membership stochastic blockmodels
14,The conventional belief is that the averages for belief propagation for Gaussian models are derived in a standard way.,"A different method of obtaining the covariances is proposed, based on Belief Propagation on cavity graphs, which also relates to Expectation Propagation algorithms when the model is perturbed by nonlinear terms.","Loop corrections for message passing algorithms in continuous variable
  models"
15,Working set selection in Support Vector Machines (SVMs) training by decomposition methods requires frequent reselection.,"A new model can select a working set in sequential minimal optimization (SMO) decomposition methods without the need for reselection, improving speed and efficiency.",A Novel Model of Working Set Selection for SMO Decomposition Methods
16,Biological pattern discovery relies on traditional computational analysis methods.,"Probabilistic graphical models (PGMs) can be used to discover biologically relevant patterns and formulate new, testable hypotheses.",Getting started in probabilistic graphical models
17,Predictive models typically rely on independent datasets and do not account for the accumulation of data over time.,"Conformal prediction allows for accurate predictions based on an accumulating dataset, maintaining a consistent error rate even as new data is introduced.",A tutorial on conformal prediction
19,"Knowledge creation in humans is often viewed as a continuous, fluid process that is not necessarily dependent on specific time stages or information packets.","Knowledge creation can be modeled as a discrete, sequential decision-making process, where information is received in distinct packets and the decision-maker adapts over time to optimize knowledge growth.",The Role of Time in the Creation of Knowledge
